model,accuracy,precision,recall,f1_score
SVM,0.9735202492211839,0.9740460238424082,0.9735202492211839,0.9735761338341983
